日期,省份,城市,广告计划,展示量,点击量,点击率,平均点击花费,总花费,column
2018/1/3,安徽,安庆市,测试：每一种孤独都有陪伴,214,1,0.47%,30,30,212.7659574
2018/1/2,安徽,安庆市,测试：每一种孤独都有陪伴,741,0,0%,0,30,0
2018/1/3,安徽,蚌埠市,测试：每一种孤独都有陪伴,287,0,0%,0,30,0
2018/1/2,安徽,蚌埠市,测试：每一种孤独都有陪伴,638,0,0%,0,30,0
2018/1/3,安徽,亳州市,测试：每一种孤独都有陪伴,226,0,0%,0,30,0
2018/1/2,安徽,亳州市,测试：每一种孤独都有陪伴,429,0,0%,0,30,0
2018/1/3,安徽,池州市,测试：每一种孤独都有陪伴,103,2,1.94%,15,30,103.0927835
2018/1/2,安徽,池州市,测试：每一种孤独都有陪伴,352,0,0%,0,30,0
2018/1/3,安徽,滁州市,测试：每一种孤独都有陪伴,296,1,0.34%,30,30,294.1176471
2018/1/2,安徽,滁州市,测试：每一种孤独都有陪伴,849,1,0.12%,30,30,833.3333333
2018/1/3,安徽,阜阳市,测试：每一种孤独都有陪伴,290,0,0%,0,30,0
2018/1/2,安徽,阜阳市,测试：每一种孤独都有陪伴,675,0,0%,0,30,0
2018/1/3,安徽,合肥市,测试：每一种孤独都有陪伴,2674,1,0.04%,30,30,2500
2018/1/2,安徽,合肥市,测试：每一种孤独都有陪伴,5967,0,0%,0,30,0
2018/1/3,安徽,淮北市,测试：每一种孤独都有陪伴,137,0,0%,0,30,0
2018/1/2,安徽,淮北市,测试：每一种孤独都有陪伴,266,0,0%,0,30,0
2018/1/3,安徽,淮南市,测试：每一种孤独都有陪伴,236,1,0.42%,30,30,238.0952381
2018/1/2,安徽,淮南市,测试：每一种孤独都有陪伴,463,0,0%,0,30,0
2018/1/3,安徽,黄山市,测试：每一种孤独都有陪伴,87,0,0%,0,30,0
2018/1/2,安徽,黄山市,测试：每一种孤独都有陪伴,273,0,0%,0,30,0
2018/1/3,安徽,六安市,测试：每一种孤独都有陪伴,235,0,0%,0,30,0
2018/1/2,安徽,六安市,测试：每一种孤独都有陪伴,910,0,0%,0,30,0
2018/1/3,安徽,马鞍山市,测试：每一种孤独都有陪伴,347,1,0.29%,30,30,344.8275862
2018/1/2,安徽,马鞍山市,测试：每一种孤独都有陪伴,754,0,0%,0,30,0
2018/1/3,安徽,铜陵市,测试：每一种孤独都有陪伴,92,0,0%,0,30,0
2018/1/2,安徽,铜陵市,测试：每一种孤独都有陪伴,212,0,0%,0,30,0
2018/1/3,安徽,芜湖市,测试：每一种孤独都有陪伴,415,2,0.48%,15,30,416.6666667
2018/1/2,安徽,芜湖市,测试：每一种孤独都有陪伴,1053,1,0.09%,30,30,1111.111111
2018/1/3,安徽,宿州市,测试：每一种孤独都有陪伴,233,0,0%,0,30,0
2018/1/2,安徽,宿州市,测试：每一种孤独都有陪伴,535,0,0%,0,30,0
2018/1/3,安徽,宣城市,测试：每一种孤独都有陪伴,227,0,0%,0,30,0
2018/1/2,安徽,宣城市,测试：每一种孤独都有陪伴,659,0,0%,0,30,0
2018/1/3,安徽,,测试：每一种孤独都有陪伴,351,0,0%,0,30,0
2018/1/2,安徽,,测试：每一种孤独都有陪伴,1174,0,0%,0,30,0
2018/1/3,澳门,澳门,测试：每一种孤独都有陪伴,36,0,0%,0,30,0
2018/1/2,澳门,澳门,测试：每一种孤独都有陪伴,54,0,0%,0,30,0
2018/1/3,澳门,,测试：每一种孤独都有陪伴,24,0,0%,0,30,0
2018/1/2,澳门,,测试：每一种孤独都有陪伴,22,0,0%,0,30,0
2018/1/3,北京,北京,测试：每一种孤独都有陪伴,15967,13,0.08%,2.31,30,16250
2018/1/2,北京,北京,测试：每一种孤独都有陪伴,27341,13,0.05%,2.31,30,26000
2018/1/3,福建,福州市,测试：每一种孤独都有陪伴,1476,1,0.07%,30,30,1428.571429
2018/1/2,福建,福州市,测试：每一种孤独都有陪伴,2237,1,0.04%,30,30,2500
2018/1/3,福建,龙岩市,测试：每一种孤独都有陪伴,100,0,0%,0,30,0
2018/1/2,福建,龙岩市,测试：每一种孤独都有陪伴,232,0,0%,0,30,0
2018/1/3,福建,南平市,测试：每一种孤独都有陪伴,179,0,0%,0,30,0
2018/1/2,福建,南平市,测试：每一种孤独都有陪伴,279,3,1.08%,10,30,277.7777778
2018/1/3,福建,宁德市,测试：每一种孤独都有陪伴,260,0,0%,0,30,0
2018/1/2,福建,宁德市,测试：每一种孤独都有陪伴,386,0,0%,0,30,0
2018/1/3,福建,莆田市,测试：每一种孤独都有陪伴,380,0,0%,0,30,0
2018/1/2,福建,莆田市,测试：每一种孤独都有陪伴,1055,0,0%,0,30,0
2018/1/3,福建,泉州市,测试：每一种孤独都有陪伴,1690,0,0%,0,30,0
2018/1/2,福建,泉州市,测试：每一种孤独都有陪伴,3073,5,0.16%,6,30,3125
2018/1/3,福建,三明市,测试：每一种孤独都有陪伴,150,0,0%,0,30,0
2018/1/2,福建,三明市,测试：每一种孤独都有陪伴,154,0,0%,0,30,0
2018/1/3,福建,厦门市,测试：每一种孤独都有陪伴,1102,4,0.36%,7.5,30,1111.111111
2018/1/2,福建,厦门市,测试：每一种孤独都有陪伴,1584,0,0%,0,30,0
2018/1/3,福建,漳州市,测试：每一种孤独都有陪伴,251,1,0.40%,30,30,250
2018/1/2,福建,漳州市,测试：每一种孤独都有陪伴,444,0,0%,0,30,0
2018/1/3,福建,,测试：每一种孤独都有陪伴,515,0,0%,0,30,0
2018/1/2,福建,,测试：每一种孤独都有陪伴,1244,5,0.40%,6,30,1250
2018/1/3,甘肃,白银市,测试：每一种孤独都有陪伴,91,0,0%,0,30,0
2018/1/2,甘肃,白银市,测试：每一种孤独都有陪伴,231,0,0%,0,30,0
2018/1/3,甘肃,定西市,测试：每一种孤独都有陪伴,109,1,0.92%,30,30,108.6956522
2018/1/2,甘肃,定西市,测试：每一种孤独都有陪伴,206,0,0%,0,30,0
2018/1/3,甘肃,甘南藏族自治州,测试：每一种孤独都有陪伴,31,0,0%,0,30,0
2018/1/2,甘肃,甘南藏族自治州,测试：每一种孤独都有陪伴,25,0,0%,0,30,0
2018/1/3,甘肃,嘉峪关市,测试：每一种孤独都有陪伴,82,0,0%,0,30,0
2018/1/2,甘肃,嘉峪关市,测试：每一种孤独都有陪伴,104,0,0%,0,30,0
2018/1/3,甘肃,金昌市,测试：每一种孤独都有陪伴,55,0,0%,0,30,0
2018/1/2,甘肃,金昌市,测试：每一种孤独都有陪伴,112,0,0%,0,30,0
2018/1/3,甘肃,酒泉市,测试：每一种孤独都有陪伴,153,0,0%,0,30,0
2018/1/2,甘肃,酒泉市,测试：每一种孤独都有陪伴,305,0,0%,0,30,0
2018/1/3,甘肃,兰州市,测试：每一种孤独都有陪伴,1399,1,0.07%,30,30,1428.571429
2018/1/2,甘肃,兰州市,测试：每一种孤独都有陪伴,2202,0,0%,0,30,0
2018/1/3,甘肃,临夏回族自治州,测试：每一种孤独都有陪伴,50,0,0%,0,30,0
2018/1/2,甘肃,临夏回族自治州,测试：每一种孤独都有陪伴,81,0,0%,0,30,0
2018/1/3,甘肃,陇南市,测试：每一种孤独都有陪伴,105,0,0%,0,30,0
2018/1/2,甘肃,陇南市,测试：每一种孤独都有陪伴,130,0,0%,0,30,0
2018/1/3,甘肃,平凉市,测试：每一种孤独都有陪伴,98,0,0%,0,30,0
2018/1/2,甘肃,平凉市,测试：每一种孤独都有陪伴,133,0,0%,0,30,0
2018/1/3,甘肃,庆阳市,测试：每一种孤独都有陪伴,85,0,0%,0,30,0
2018/1/2,甘肃,庆阳市,测试：每一种孤独都有陪伴,127,0,0%,0,30,0
2018/1/3,甘肃,天水市,测试：每一种孤独都有陪伴,203,0,0%,0,30,0
2018/1/2,甘肃,天水市,测试：每一种孤独都有陪伴,401,0,0%,0,30,0
2018/1/3,甘肃,武威市,测试：每一种孤独都有陪伴,122,0,0%,0,30,0
2018/1/2,甘肃,武威市,测试：每一种孤独都有陪伴,81,0,0%,0,30,0
2018/1/3,甘肃,张掖市,测试：每一种孤独都有陪伴,104,0,0%,0,30,0
2018/1/2,甘肃,张掖市,测试：每一种孤独都有陪伴,144,0,0%,0,30,0
2018/1/3,甘肃,,测试：每一种孤独都有陪伴,209,0,0%,0,30,0
2018/1/2,甘肃,,测试：每一种孤独都有陪伴,393,0,0%,0,30,0
2018/1/3,广东,潮州市,测试：每一种孤独都有陪伴,215,1,0.47%,30,30,212.7659574
2018/1/2,广东,潮州市,测试：每一种孤独都有陪伴,507,0,0%,0,30,0
2018/1/3,广东,东莞市,测试：每一种孤独都有陪伴,3258,3,0.09%,10,30,3333.333333
2018/1/2,广东,东莞市,测试：每一种孤独都有陪伴,6499,1,0.02%,30,30,5000
2018/1/3,广东,佛山市,测试：每一种孤独都有陪伴,1626,0,0%,0,30,0
2018/1/2,广东,佛山市,测试：每一种孤独都有陪伴,3291,3,0.09%,10,30,3333.333333
2018/1/3,广东,广州市,测试：每一种孤独都有陪伴,6443,7,0.11%,4.29,30,6363.636364
2018/1/2,广东,广州市,测试：每一种孤独都有陪伴,11961,0,0%,0,30,0
2018/1/3,广东,河源市,测试：每一种孤独都有陪伴,110,0,0%,0,30,0
2018/1/2,广东,河源市,测试：每一种孤独都有陪伴,80,0,0%,0,30,0
2018/1/3,广东,惠州市,测试：每一种孤独都有陪伴,815,1,0.12%,30,30,833.3333333
2018/1/2,广东,惠州市,测试：每一种孤独都有陪伴,1517,1,0.07%,30,30,1428.571429
2018/1/3,广东,江门市,测试：每一种孤独都有陪伴,401,0,0%,0,30,0
2018/1/2,广东,江门市,测试：每一种孤独都有陪伴,597,0,0%,0,30,0
2018/1/3,广东,揭阳市,测试：每一种孤独都有陪伴,685,3,0.44%,10,30,681.8181818
2018/1/2,广东,揭阳市,测试：每一种孤独都有陪伴,1830,2,0.11%,15,30,1818.181818
2018/1/3,广东,茂名市,测试：每一种孤独都有陪伴,228,0,0%,0,30,0
2018/1/2,广东,茂名市,测试：每一种孤独都有陪伴,343,0,0%,0,30,0
2018/1/3,广东,梅州市,测试：每一种孤独都有陪伴,127,0,0%,0,30,0
2018/1/2,广东,梅州市,测试：每一种孤独都有陪伴,184,0,0%,0,30,0
2018/1/3,广东,清远市,测试：每一种孤独都有陪伴,141,0,0%,0,30,0
2018/1/2,广东,清远市,测试：每一种孤独都有陪伴,245,0,0%,0,30,0
2018/1/3,广东,汕头市,测试：每一种孤独都有陪伴,1321,1,0.08%,30,30,1250
2018/1/2,广东,汕头市,测试：每一种孤独都有陪伴,3391,0,0%,0,30,0
2018/1/3,广东,汕尾市,测试：每一种孤独都有陪伴,148,0,0%,0,30,0
2018/1/2,广东,汕尾市,测试：每一种孤独都有陪伴,345,1,0.29%,30,30,344.8275862
2018/1/3,广东,韶关市,测试：每一种孤独都有陪伴,134,0,0%,0,30,0
2018/1/2,广东,韶关市,测试：每一种孤独都有陪伴,242,0,0%,0,30,0
2018/1/3,广东,深圳市,测试：每一种孤独都有陪伴,5393,1,0.02%,30,30,5000
2018/1/2,广东,深圳市,测试：每一种孤独都有陪伴,8719,1,0.01%,30,30,10000
2018/1/3,广东,阳江市,测试：每一种孤独都有陪伴,107,0,0%,0,30,0
2018/1/2,广东,阳江市,测试：每一种孤独都有陪伴,180,0,0%,0,30,0
2018/1/3,广东,云浮市,测试：每一种孤独都有陪伴,53,0,0%,0,30,0
2018/1/2,广东,云浮市,测试：每一种孤独都有陪伴,104,0,0%,0,30,0
2018/1/3,广东,湛江市,测试：每一种孤独都有陪伴,242,0,0%,0,30,0
2018/1/2,广东,湛江市,测试：每一种孤独都有陪伴,262,0,0%,0,30,0
2018/1/3,广东,肇庆市,测试：每一种孤独都有陪伴,267,0,0%,0,30,0
2018/1/2,广东,肇庆市,测试：每一种孤独都有陪伴,609,0,0%,0,30,0
2018/1/3,广东,中山市,测试：每一种孤独都有陪伴,1116,1,0.09%,30,30,1111.111111
2018/1/2,广东,中山市,测试：每一种孤独都有陪伴,1893,1,0.05%,30,30,2000
2018/1/3,广东,珠海市,测试：每一种孤独都有陪伴,533,0,0%,0,30,0
2018/1/2,广东,珠海市,测试：每一种孤独都有陪伴,884,0,0%,0,30,0
2018/1/3,广东,,测试：每一种孤独都有陪伴,1015,3,0.30%,10,30,1000
2018/1/2,广东,,测试：每一种孤独都有陪伴,3056,3,0.10%,10,30,3000
2018/1/3,广西,百色市,测试：每一种孤独都有陪伴,78,0,0%,0,30,0
2018/1/2,广西,百色市,测试：每一种孤独都有陪伴,116,0,0%,0,30,0
2018/1/3,广西,北海市,测试：每一种孤独都有陪伴,126,0,0%,0,30,0
2018/1/2,广西,北海市,测试：每一种孤独都有陪伴,292,0,0%,0,30,0
2018/1/3,广西,崇左市,测试：每一种孤独都有陪伴,66,0,0%,0,30,0
2018/1/2,广西,崇左市,测试：每一种孤独都有陪伴,92,0,0%,0,30,0
2018/1/3,广西,防城港市,测试：每一种孤独都有陪伴,44,0,0%,0,30,0
2018/1/2,广西,防城港市,测试：每一种孤独都有陪伴,48,0,0%,0,30,0
2018/1/3,广西,贵港市,测试：每一种孤独都有陪伴,76,0,0%,0,30,0
2018/1/2,广西,贵港市,测试：每一种孤独都有陪伴,171,0,0%,0,30,0
2018/1/3,广西,桂林市,测试：每一种孤独都有陪伴,339,1,0.29%,30,30,344.8275862
2018/1/2,广西,桂林市,测试：每一种孤独都有陪伴,418,0,0%,0,30,0
2018/1/3,广西,河池市,测试：每一种孤独都有陪伴,78,0,0%,0,30,0
2018/1/2,广西,河池市,测试：每一种孤独都有陪伴,179,0,0%,0,30,0
2018/1/3,广西,贺州市,测试：每一种孤独都有陪伴,50,0,0%,0,30,0
2018/1/2,广西,贺州市,测试：每一种孤独都有陪伴,52,0,0%,0,30,0
2018/1/3,广西,来宾市,测试：每一种孤独都有陪伴,63,0,0%,0,30,0
2018/1/2,广西,来宾市,测试：每一种孤独都有陪伴,85,0,0%,0,30,0
2018/1/3,广西,柳州市,测试：每一种孤独都有陪伴,334,0,0%,0,30,0
2018/1/2,广西,柳州市,测试：每一种孤独都有陪伴,450,1,0.22%,30,30,454.5454545
2018/1/3,广西,南宁市,测试：每一种孤独都有陪伴,933,1,0.11%,30,30,909.0909091
2018/1/2,广西,南宁市,测试：每一种孤独都有陪伴,1151,2,0.17%,15,30,1176.470588
2018/1/3,广西,钦州市,测试：每一种孤独都有陪伴,87,0,0%,0,30,0
2018/1/2,广西,钦州市,测试：每一种孤独都有陪伴,143,0,0%,0,30,0
2018/1/3,广西,梧州市,测试：每一种孤独都有陪伴,84,0,0%,0,30,0
2018/1/2,广西,梧州市,测试：每一种孤独都有陪伴,150,0,0%,0,30,0
2018/1/3,广西,玉林市,测试：每一种孤独都有陪伴,145,0,0%,0,30,0
2018/1/2,广西,玉林市,测试：每一种孤独都有陪伴,304,0,0%,0,30,0
2018/1/3,广西,,测试：每一种孤独都有陪伴,207,0,0%,0,30,0
2018/1/2,广西,,测试：每一种孤独都有陪伴,309,0,0%,0,30,0
2018/1/3,贵州,安顺市,测试：每一种孤独都有陪伴,138,0,0%,0,30,0
2018/1/2,贵州,安顺市,测试：每一种孤独都有陪伴,171,1,0.58%,30,30,172.4137931
2018/1/3,贵州,毕节地区,测试：每一种孤独都有陪伴,301,2,0.66%,15,30,303.030303
2018/1/2,贵州,毕节地区,测试：每一种孤独都有陪伴,214,0,0%,0,30,0
2018/1/3,贵州,贵阳市,测试：每一种孤独都有陪伴,1058,0,0%,0,30,0
2018/1/2,贵州,贵阳市,测试：每一种孤独都有陪伴,1487,0,0%,0,30,0
2018/1/3,贵州,六盘水市,测试：每一种孤独都有陪伴,124,0,0%,0,30,0
2018/1/2,贵州,六盘水市,测试：每一种孤独都有陪伴,183,0,0%,0,30,0
2018/1/3,贵州,黔东南苗族侗族自治州,测试：每一种孤独都有陪伴,152,0,0%,0,30,0
2018/1/2,贵州,黔东南苗族侗族自治州,测试：每一种孤独都有陪伴,260,0,0%,0,30,0
2018/1/3,贵州,黔南布依族苗族自治州,测试：每一种孤独都有陪伴,228,0,0%,0,30,0
2018/1/2,贵州,黔南布依族苗族自治州,测试：每一种孤独都有陪伴,244,0,0%,0,30,0
2018/1/3,贵州,黔西南布依族苗族自治州,测试：每一种孤独都有陪伴,150,0,0%,0,30,0
2018/1/2,贵州,黔西南布依族苗族自治州,测试：每一种孤独都有陪伴,159,1,0.63%,30,30,158.7301587
2018/1/3,贵州,铜仁地区,测试：每一种孤独都有陪伴,137,0,0%,0,30,0
2018/1/2,贵州,铜仁地区,测试：每一种孤独都有陪伴,130,0,0%,0,30,0
2018/1/3,贵州,遵义市,测试：每一种孤独都有陪伴,367,0,0%,0,30,0
2018/1/2,贵州,遵义市,测试：每一种孤独都有陪伴,381,0,0%,0,30,0
2018/1/3,贵州,,测试：每一种孤独都有陪伴,220,0,0%,0,30,0
2018/1/2,贵州,,测试：每一种孤独都有陪伴,311,1,0.32%,30,30,312.5
2018/1/3,海南,白沙黎族自治县,测试：每一种孤独都有陪伴,18,0,0%,0,30,0
2018/1/2,海南,白沙黎族自治县,测试：每一种孤独都有陪伴,9,0,0%,0,30,0
2018/1/3,海南,保亭黎族苗族自治县,测试：每一种孤独都有陪伴,5,0,0%,0,30,0
2018/1/2,海南,保亭黎族苗族自治县,测试：每一种孤独都有陪伴,27,0,0%,0,30,0
2018/1/3,海南,昌江黎族自治县,测试：每一种孤独都有陪伴,13,0,0%,0,30,0
2018/1/2,海南,昌江黎族自治县,测试：每一种孤独都有陪伴,9,0,0%,0,30,0
2018/1/3,海南,澄迈县,测试：每一种孤独都有陪伴,44,0,0%,0,30,0
2018/1/2,海南,澄迈县,测试：每一种孤独都有陪伴,48,0,0%,0,30,0
2018/1/3,海南,儋州市,测试：每一种孤独都有陪伴,25,0,0%,0,30,0
2018/1/2,海南,儋州市,测试：每一种孤独都有陪伴,55,0,0%,0,30,0
2018/1/3,海南,定安县,测试：每一种孤独都有陪伴,5,0,0%,0,30,0
2018/1/2,海南,定安县,测试：每一种孤独都有陪伴,33,0,0%,0,30,0
2018/1/3,海南,东方市,测试：每一种孤独都有陪伴,9,0,0%,0,30,0
2018/1/2,海南,东方市,测试：每一种孤独都有陪伴,69,0,0%,0,30,0
2018/1/3,海南,海口市,测试：每一种孤独都有陪伴,388,0,0%,0,30,0
2018/1/2,海南,海口市,测试：每一种孤独都有陪伴,533,0,0%,0,30,0
2018/1/3,海南,乐东黎族自治县,测试：每一种孤独都有陪伴,8,0,0%,0,30,0
2018/1/2,海南,乐东黎族自治县,测试：每一种孤独都有陪伴,110,0,0%,0,30,0
2018/1/3,海南,临高县,测试：每一种孤独都有陪伴,12,0,0%,0,30,0
2018/1/2,海南,临高县,测试：每一种孤独都有陪伴,26,0,0%,0,30,0
2018/1/3,海南,陵水黎族自治县,测试：每一种孤独都有陪伴,57,0,0%,0,30,0
2018/1/2,海南,陵水黎族自治县,测试：每一种孤独都有陪伴,72,0,0%,0,30,0
2018/1/3,海南,琼海市,测试：每一种孤独都有陪伴,40,0,0%,0,30,0
2018/1/2,海南,琼海市,测试：每一种孤独都有陪伴,59,0,0%,0,30,0
2018/1/3,海南,琼中黎族苗族自治县,测试：每一种孤独都有陪伴,7,0,0%,0,30,0
2018/1/2,海南,琼中黎族苗族自治县,测试：每一种孤独都有陪伴,5,0,0%,0,30,0
2018/1/3,海南,三沙市,测试：每一种孤独都有陪伴,1,0,0%,0,30,0
2018/1/3,海南,三亚市,测试：每一种孤独都有陪伴,254,0,0%,0,30,0
2018/1/2,海南,三亚市,测试：每一种孤独都有陪伴,377,0,0%,0,30,0
2018/1/3,海南,万宁市,测试：每一种孤独都有陪伴,49,0,0%,0,30,0
2018/1/2,海南,万宁市,测试：每一种孤独都有陪伴,79,0,0%,0,30,0
2018/1/3,海南,文昌市,测试：每一种孤独都有陪伴,25,0,0%,0,30,0
2018/1/2,海南,文昌市,测试：每一种孤独都有陪伴,48,0,0%,0,30,0
2018/1/3,海南,五指山市,测试：每一种孤独都有陪伴,9,0,0%,0,30,0
2018/1/2,海南,五指山市,测试：每一种孤独都有陪伴,37,0,0%,0,30,0
2018/1/3,海南,,测试：每一种孤独都有陪伴,72,0,0%,0,30,0
2018/1/2,海南,,测试：每一种孤独都有陪伴,116,0,0%,0,30,0
2018/1/3,河北,保定市,测试：每一种孤独都有陪伴,2529,0,0%,0,30,0
2018/1/2,河北,保定市,测试：每一种孤独都有陪伴,6554,5,0.08%,6,30,6250
2018/1/3,河北,沧州市,测试：每一种孤独都有陪伴,1308,2,0.15%,15,30,1333.333333
2018/1/2,河北,沧州市,测试：每一种孤独都有陪伴,2686,1,0.04%,30,30,2500
2018/1/3,河北,承德市,测试：每一种孤独都有陪伴,497,0,0%,0,30,0
2018/1/2,河北,承德市,测试：每一种孤独都有陪伴,958,0,0%,0,30,0
2018/1/3,河北,邯郸市,测试：每一种孤独都有陪伴,1082,0,0%,0,30,0
2018/1/2,河北,邯郸市,测试：每一种孤独都有陪伴,1851,0,0%,0,30,0
2018/1/3,河北,衡水市,测试：每一种孤独都有陪伴,607,0,0%,0,30,0
2018/1/2,河北,衡水市,测试：每一种孤独都有陪伴,1451,1,0.07%,30,30,1428.571429
2018/1/3,河北,廊坊市,测试：每一种孤独都有陪伴,2200,1,0.05%,30,30,2000
2018/1/2,河北,廊坊市,测试：每一种孤独都有陪伴,3927,0,0%,0,30,0
2018/1/3,河北,秦皇岛市,测试：每一种孤独都有陪伴,846,1,0.12%,30,30,833.3333333
2018/1/2,河北,秦皇岛市,测试：每一种孤独都有陪伴,1418,1,0.07%,30,30,1428.571429
2018/1/3,河北,石家庄市,测试：每一种孤独都有陪伴,2820,2,0.07%,15,30,2857.142857
2018/1/2,河北,石家庄市,测试：每一种孤独都有陪伴,4835,6,0.12%,5,30,5000
2018/1/3,河北,唐山市,测试：每一种孤独都有陪伴,2206,0,0%,0,30,0
2018/1/2,河北,唐山市,测试：每一种孤独都有陪伴,4254,0,0%,0,30,0
2018/1/3,河北,邢台市,测试：每一种孤独都有陪伴,754,0,0%,0,30,0
2018/1/2,河北,邢台市,测试：每一种孤独都有陪伴,1310,0,0%,0,30,0
2018/1/3,河北,张家口市,测试：每一种孤独都有陪伴,630,0,0%,0,30,0
2018/1/2,河北,张家口市,测试：每一种孤独都有陪伴,1279,0,0%,0,30,0
2018/1/3,河北,,测试：每一种孤独都有陪伴,585,0,0%,0,30,0
2018/1/2,河北,,测试：每一种孤独都有陪伴,1499,0,0%,0,30,0
2018/1/3,河南,安阳市,测试：每一种孤独都有陪伴,560,0,0%,0,30,0
2018/1/2,河南,安阳市,测试：每一种孤独都有陪伴,1024,0,0%,0,30,0
2018/1/3,河南,鹤壁市,测试：每一种孤独都有陪伴,190,0,0%,0,30,0
2018/1/2,河南,鹤壁市,测试：每一种孤独都有陪伴,370,0,0%,0,30,0
2018/1/3,河南,济源市,测试：每一种孤独都有陪伴,89,0,0%,0,30,0
2018/1/2,河南,济源市,测试：每一种孤独都有陪伴,204,0,0%,0,30,0
2018/1/3,河南,焦作市,测试：每一种孤独都有陪伴,678,0,0%,0,30,0
2018/1/2,河南,焦作市,测试：每一种孤独都有陪伴,1030,1,0.10%,30,30,1000
2018/1/3,河南,开封市,测试：每一种孤独都有陪伴,555,0,0%,0,30,0
2018/1/2,河南,开封市,测试：每一种孤独都有陪伴,857,0,0%,0,30,0
2018/1/3,河南,洛阳市,测试：每一种孤独都有陪伴,1335,2,0.15%,15,30,1333.333333
2018/1/2,河南,洛阳市,测试：每一种孤独都有陪伴,2161,1,0.05%,30,30,2000
2018/1/3,河南,漯河市,测试：每一种孤独都有陪伴,209,0,0%,0,30,0
2018/1/2,河南,漯河市,测试：每一种孤独都有陪伴,428,0,0%,0,30,0
2018/1/3,河南,南阳市,测试：每一种孤独都有陪伴,555,1,0.18%,30,30,555.5555556
2018/1/2,河南,南阳市,测试：每一种孤独都有陪伴,1373,0,0%,0,30,0
2018/1/3,河南,平顶山市,测试：每一种孤独都有陪伴,473,0,0%,0,30,0
2018/1/2,河南,平顶山市,测试：每一种孤独都有陪伴,852,0,0%,0,30,0
2018/1/3,河南,濮阳市,测试：每一种孤独都有陪伴,352,0,0%,0,30,0
2018/1/2,河南,濮阳市,测试：每一种孤独都有陪伴,456,0,0%,0,30,0
2018/1/3,河南,三门峡市,测试：每一种孤独都有陪伴,234,0,0%,0,30,0
2018/1/2,河南,三门峡市,测试：每一种孤独都有陪伴,416,1,0.24%,30,30,416.6666667
2018/1/3,河南,商丘市,测试：每一种孤独都有陪伴,509,0,0%,0,30,0
2018/1/2,河南,商丘市,测试：每一种孤独都有陪伴,848,0,0%,0,30,0
2018/1/3,河南,新乡市,测试：每一种孤独都有陪伴,827,0,0%,0,30,0
2018/1/2,河南,新乡市,测试：每一种孤独都有陪伴,1592,1,0.06%,30,30,1666.666667
2018/1/3,河南,信阳市,测试：每一种孤独都有陪伴,358,1,0.28%,30,30,357.1428571
2018/1/2,河南,信阳市,测试：每一种孤独都有陪伴,806,1,0.12%,30,30,833.3333333
2018/1/3,河南,许昌市,测试：每一种孤独都有陪伴,501,0,0%,0,30,0
2018/1/2,河南,许昌市,测试：每一种孤独都有陪伴,1014,0,0%,0,30,0
2018/1/3,河南,郑州市,测试：每一种孤独都有陪伴,4238,0,0%,0,30,0
2018/1/2,河南,郑州市,测试：每一种孤独都有陪伴,6258,2,0.03%,15,30,6666.666667
2018/1/3,河南,周口市,测试：每一种孤独都有陪伴,339,0,0%,0,30,0
2018/1/2,河南,周口市,测试：每一种孤独都有陪伴,1049,0,0%,0,30,0
2018/1/3,河南,驻马店市,测试：每一种孤独都有陪伴,317,0,0%,0,30,0
2018/1/2,河南,驻马店市,测试：每一种孤独都有陪伴,614,0,0%,0,30,0
2018/1/3,河南,,测试：每一种孤独都有陪伴,789,1,0.13%,30,30,769.2307692
2018/1/2,河南,,测试：每一种孤独都有陪伴,2183,0,0%,0,30,0
2018/1/3,黑龙江,大庆市,测试：每一种孤独都有陪伴,814,0,0%,0,30,0
2018/1/2,黑龙江,大庆市,测试：每一种孤独都有陪伴,2208,2,0.09%,15,30,2222.222222
2018/1/3,黑龙江,大兴安岭地区,测试：每一种孤独都有陪伴,71,1,1.41%,30,30,70.92198582
2018/1/2,黑龙江,大兴安岭地区,测试：每一种孤独都有陪伴,151,0,0%,0,30,0
2018/1/3,黑龙江,哈尔滨市,测试：每一种孤独都有陪伴,3390,1,0.03%,30,30,3333.333333
2018/1/2,黑龙江,哈尔滨市,测试：每一种孤独都有陪伴,6920,1,0.01%,30,30,10000
2018/1/3,黑龙江,鹤岗市,测试：每一种孤独都有陪伴,164,0,0%,0,30,0
2018/1/2,黑龙江,鹤岗市,测试：每一种孤独都有陪伴,402,0,0%,0,30,0
2018/1/3,黑龙江,黑河市,测试：每一种孤独都有陪伴,197,0,0%,0,30,0
2018/1/2,黑龙江,黑河市,测试：每一种孤独都有陪伴,451,0,0%,0,30,0
2018/1/3,黑龙江,鸡西市,测试：每一种孤独都有陪伴,231,0,0%,0,30,0
2018/1/2,黑龙江,鸡西市,测试：每一种孤独都有陪伴,572,0,0%,0,30,0
2018/1/3,黑龙江,佳木斯市,测试：每一种孤独都有陪伴,439,0,0%,0,30,0
2018/1/2,黑龙江,佳木斯市,测试：每一种孤独都有陪伴,987,0,0%,0,30,0
2018/1/3,黑龙江,牡丹江市,测试：每一种孤独都有陪伴,475,0,0%,0,30,0
2018/1/2,黑龙江,牡丹江市,测试：每一种孤独都有陪伴,1228,0,0%,0,30,0
2018/1/3,黑龙江,七台河市,测试：每一种孤独都有陪伴,62,0,0%,0,30,0
2018/1/2,黑龙江,七台河市,测试：每一种孤独都有陪伴,290,0,0%,0,30,0
2018/1/3,黑龙江,齐齐哈尔市,测试：每一种孤独都有陪伴,658,0,0%,0,30,0
2018/1/2,黑龙江,齐齐哈尔市,测试：每一种孤独都有陪伴,1606,1,0.06%,30,30,1666.666667
2018/1/3,黑龙江,双鸭山市,测试：每一种孤独都有陪伴,162,0,0%,0,30,0
2018/1/2,黑龙江,双鸭山市,测试：每一种孤独都有陪伴,643,0,0%,0,30,0
2018/1/3,黑龙江,绥化市,测试：每一种孤独都有陪伴,460,0,0%,0,30,0
2018/1/2,黑龙江,绥化市,测试：每一种孤独都有陪伴,1214,0,0%,0,30,0
2018/1/3,黑龙江,伊春市,测试：每一种孤独都有陪伴,217,0,0%,0,30,0
2018/1/2,黑龙江,伊春市,测试：每一种孤独都有陪伴,358,0,0%,0,30,0
2018/1/3,黑龙江,,测试：每一种孤独都有陪伴,303,0,0%,0,30,0
2018/1/2,黑龙江,,测试：每一种孤独都有陪伴,1182,0,0%,0,30,0
2018/1/3,湖北,鄂州市,测试：每一种孤独都有陪伴,109,0,0%,0,30,0
2018/1/2,湖北,鄂州市,测试：每一种孤独都有陪伴,178,0,0%,0,30,0
2018/1/3,湖北,恩施土家族苗族自治州,测试：每一种孤独都有陪伴,154,1,0.65%,30,30,153.8461538
2018/1/2,湖北,恩施土家族苗族自治州,测试：每一种孤独都有陪伴,250,0,0%,0,30,0
2018/1/3,湖北,黄冈市,测试：每一种孤独都有陪伴,254,1,0.39%,30,30,256.4102564
2018/1/2,湖北,黄冈市,测试：每一种孤独都有陪伴,708,0,0%,0,30,0
2018/1/3,湖北,黄石市,测试：每一种孤独都有陪伴,197,0,0%,0,30,0
2018/1/2,湖北,黄石市,测试：每一种孤独都有陪伴,380,0,0%,0,30,0
2018/1/3,湖北,荆门市,测试：每一种孤独都有陪伴,209,0,0%,0,30,0
2018/1/2,湖北,荆门市,测试：每一种孤独都有陪伴,396,0,0%,0,30,0
2018/1/3,湖北,荆州市,测试：每一种孤独都有陪伴,342,0,0%,0,30,0
2018/1/2,湖北,荆州市,测试：每一种孤独都有陪伴,895,0,0%,0,30,0
2018/1/3,湖北,潜江市,测试：每一种孤独都有陪伴,122,0,0%,0,30,0
2018/1/2,湖北,潜江市,测试：每一种孤独都有陪伴,293,0,0%,0,30,0
2018/1/3,湖北,神农架林区,测试：每一种孤独都有陪伴,12,0,0%,0,30,0
2018/1/2,湖北,神农架林区,测试：每一种孤独都有陪伴,2,0,0%,0,30,0
2018/1/3,湖北,十堰市,测试：每一种孤独都有陪伴,205,0,0%,0,30,0
2018/1/2,湖北,十堰市,测试：每一种孤独都有陪伴,481,1,0.21%,30,30,476.1904762
2018/1/3,湖北,随州市,测试：每一种孤独都有陪伴,99,0,0%,0,30,0
2018/1/2,湖北,随州市,测试：每一种孤独都有陪伴,193,0,0%,0,30,0
2018/1/3,湖北,天门市,测试：每一种孤独都有陪伴,109,1,0.92%,30,30,108.6956522
2018/1/2,湖北,天门市,测试：每一种孤独都有陪伴,245,0,0%,0,30,0
2018/1/3,湖北,武汉市,测试：每一种孤独都有陪伴,3568,7,0.20%,4.29,30,3500
2018/1/2,湖北,武汉市,测试：每一种孤独都有陪伴,5812,2,0.03%,15,30,6666.666667
2018/1/3,湖北,仙桃市,测试：每一种孤独都有陪伴,152,0,0%,0,30,0
2018/1/2,湖北,仙桃市,测试：每一种孤独都有陪伴,376,1,0.27%,30,30,370.3703704
2018/1/3,湖北,咸宁市,测试：每一种孤独都有陪伴,116,0,0%,0,30,0
2018/1/2,湖北,咸宁市,测试：每一种孤独都有陪伴,189,0,0%,0,30,0
2018/1/3,湖北,襄樊市,测试：每一种孤独都有陪伴,383,0,0%,0,30,0
2018/1/2,湖北,襄樊市,测试：每一种孤独都有陪伴,745,0,0%,0,30,0
2018/1/3,湖北,孝感市,测试：每一种孤独都有陪伴,533,0,0%,0,30,0
2018/1/2,湖北,孝感市,测试：每一种孤独都有陪伴,952,0,0%,0,30,0
2018/1/3,湖北,宜昌市,测试：每一种孤独都有陪伴,326,1,0.31%,30,30,322.5806452
2018/1/2,湖北,宜昌市,测试：每一种孤独都有陪伴,584,0,0%,0,30,0
2018/1/3,湖北,,测试：每一种孤独都有陪伴,291,0,0%,0,30,0
2018/1/2,湖北,,测试：每一种孤独都有陪伴,741,1,0.13%,30,30,769.2307692
2018/1/3,湖南,常德市,测试：每一种孤独都有陪伴,279,0,0%,0,30,0
2018/1/2,湖南,常德市,测试：每一种孤独都有陪伴,425,0,0%,0,30,0
2018/1/3,湖南,郴州市,测试：每一种孤独都有陪伴,197,0,0%,0,30,0
2018/1/2,湖南,郴州市,测试：每一种孤独都有陪伴,240,0,0%,0,30,0
2018/1/3,湖南,衡阳市,测试：每一种孤独都有陪伴,323,0,0%,0,30,0
2018/1/2,湖南,衡阳市,测试：每一种孤独都有陪伴,557,0,0%,0,30,0
2018/1/3,湖南,怀化市,测试：每一种孤独都有陪伴,179,0,0%,0,30,0
2018/1/2,湖南,怀化市,测试：每一种孤独都有陪伴,268,0,0%,0,30,0
2018/1/3,湖南,娄底市,测试：每一种孤独都有陪伴,112,1,0.89%,30,30,112.3595506
2018/1/2,湖南,娄底市,测试：每一种孤独都有陪伴,219,0,0%,0,30,0
2018/1/3,湖南,邵阳市,测试：每一种孤独都有陪伴,180,0,0%,0,30,0
2018/1/2,湖南,邵阳市,测试：每一种孤独都有陪伴,390,0,0%,0,30,0
2018/1/3,湖南,湘潭市,测试：每一种孤独都有陪伴,223,0,0%,0,30,0
2018/1/2,湖南,湘潭市,测试：每一种孤独都有陪伴,360,1,0.28%,30,30,357.1428571
2018/1/3,湖南,湘西土家族苗族自治州,测试：每一种孤独都有陪伴,154,0,0%,0,30,0
2018/1/2,湖南,湘西土家族苗族自治州,测试：每一种孤独都有陪伴,289,0,0%,0,30,0
2018/1/3,湖南,益阳市,测试：每一种孤独都有陪伴,383,0,0%,0,30,0
2018/1/2,湖南,益阳市,测试：每一种孤独都有陪伴,646,1,0.15%,30,30,666.6666667
2018/1/3,湖南,永州市,测试：每一种孤独都有陪伴,139,0,0%,0,30,0
2018/1/2,湖南,永州市,测试：每一种孤独都有陪伴,283,0,0%,0,30,0
2018/1/3,湖南,岳阳市,测试：每一种孤独都有陪伴,271,0,0%,0,30,0
2018/1/2,湖南,岳阳市,测试：每一种孤独都有陪伴,476,0,0%,0,30,0
2018/1/3,湖南,张家界市,测试：每一种孤独都有陪伴,52,0,0%,0,30,0
2018/1/2,湖南,张家界市,测试：每一种孤独都有陪伴,70,0,0%,0,30,0
2018/1/3,湖南,长沙市,测试：每一种孤独都有陪伴,1718,0,0%,0,30,0
2018/1/2,湖南,长沙市,测试：每一种孤独都有陪伴,2424,0,0%,0,30,0
2018/1/3,湖南,株洲市,测试：每一种孤独都有陪伴,455,1,0.22%,30,30,454.5454545
2018/1/2,湖南,株洲市,测试：每一种孤独都有陪伴,1130,0,0%,0,30,0
2018/1/3,湖南,,测试：每一种孤独都有陪伴,370,1,0.27%,30,30,370.3703704
2018/1/2,湖南,,测试：每一种孤独都有陪伴,765,0,0%,0,30,0
2018/1/3,吉林,白城市,测试：每一种孤独都有陪伴,293,0,0%,0,30,0
2018/1/2,吉林,白城市,测试：每一种孤独都有陪伴,693,0,0%,0,30,0
2018/1/3,吉林,白山市,测试：每一种孤独都有陪伴,241,0,0%,0,30,0
2018/1/2,吉林,白山市,测试：每一种孤独都有陪伴,568,0,0%,0,30,0
2018/1/3,吉林,吉林市,测试：每一种孤独都有陪伴,2097,0,0%,0,30,0
2018/1/2,吉林,吉林市,测试：每一种孤独都有陪伴,4653,2,0.04%,15,30,5000
2018/1/3,吉林,辽源市,测试：每一种孤独都有陪伴,215,0,0%,0,30,0
2018/1/2,吉林,辽源市,测试：每一种孤独都有陪伴,597,0,0%,0,30,0
2018/1/3,吉林,四平市,测试：每一种孤独都有陪伴,540,0,0%,0,30,0
2018/1/2,吉林,四平市,测试：每一种孤独都有陪伴,1136,1,0.09%,30,30,1111.111111
2018/1/3,吉林,松原市,测试：每一种孤独都有陪伴,244,0,0%,0,30,0
2018/1/2,吉林,松原市,测试：每一种孤独都有陪伴,579,0,0%,0,30,0
2018/1/3,吉林,通化市,测试：每一种孤独都有陪伴,443,0,0%,0,30,0
2018/1/2,吉林,通化市,测试：每一种孤独都有陪伴,886,0,0%,0,30,0
2018/1/3,吉林,延边朝鲜族自治州,测试：每一种孤独都有陪伴,338,0,0%,0,30,0
2018/1/2,吉林,延边朝鲜族自治州,测试：每一种孤独都有陪伴,1035,0,0%,0,30,0
2018/1/3,吉林,长春市,测试：每一种孤独都有陪伴,2108,1,0.05%,30,30,2000
2018/1/2,吉林,长春市,测试：每一种孤独都有陪伴,3972,1,0.03%,30,30,3333.333333
2018/1/3,吉林,,测试：每一种孤独都有陪伴,702,0,0%,0,30,0
2018/1/2,吉林,,测试：每一种孤独都有陪伴,1448,0,0%,0,30,0
2018/1/3,江苏,常州市,测试：每一种孤独都有陪伴,1011,3,0.30%,10,30,1000
2018/1/2,江苏,常州市,测试：每一种孤独都有陪伴,2343,2,0.09%,15,30,2222.222222
2018/1/3,江苏,淮安市,测试：每一种孤独都有陪伴,312,0,0%,0,30,0
2018/1/2,江苏,淮安市,测试：每一种孤独都有陪伴,893,0,0%,0,30,0
2018/1/3,江苏,连云港市,测试：每一种孤独都有陪伴,359,0,0%,0,30,0
2018/1/2,江苏,连云港市,测试：每一种孤独都有陪伴,868,0,0%,0,30,0
2018/1/3,江苏,南京市,测试：每一种孤独都有陪伴,4272,6,0.14%,5,30,4285.714286
2018/1/2,江苏,南京市,测试：每一种孤独都有陪伴,6869,3,0.04%,10,30,7500
2018/1/3,江苏,南通市,测试：每一种孤独都有陪伴,683,0,0%,0,30,0
2018/1/2,江苏,南通市,测试：每一种孤独都有陪伴,2843,0,0%,0,30,0
2018/1/3,江苏,苏州市,测试：每一种孤独都有陪伴,4005,4,0.10%,7.5,30,4000
2018/1/2,江苏,苏州市,测试：每一种孤独都有陪伴,10710,3,0.03%,10,30,10000
2018/1/3,江苏,泰州市,测试：每一种孤独都有陪伴,420,1,0.24%,30,30,416.6666667
2018/1/2,江苏,泰州市,测试：每一种孤独都有陪伴,1293,1,0.08%,30,30,1250
2018/1/3,江苏,无锡市,测试：每一种孤独都有陪伴,1616,0,0%,0,30,0
2018/1/2,江苏,无锡市,测试：每一种孤独都有陪伴,4320,1,0.02%,30,30,5000
2018/1/3,江苏,宿迁市,测试：每一种孤独都有陪伴,215,0,0%,0,30,0
2018/1/2,江苏,宿迁市,测试：每一种孤独都有陪伴,844,0,0%,0,30,0
2018/1/3,江苏,徐州市,测试：每一种孤独都有陪伴,875,0,0%,0,30,0
2018/1/2,江苏,徐州市,测试：每一种孤独都有陪伴,1900,0,0%,0,30,0
2018/1/3,江苏,盐城市,测试：每一种孤独都有陪伴,840,0,0%,0,30,0
2018/1/2,江苏,盐城市,测试：每一种孤独都有陪伴,2008,1,0.05%,30,30,2000
2018/1/3,江苏,扬州市,测试：每一种孤独都有陪伴,532,0,0%,0,30,0
2018/1/2,江苏,扬州市,测试：每一种孤独都有陪伴,1677,0,0%,0,30,0
2018/1/3,江苏,镇江市,测试：每一种孤独都有陪伴,486,0,0%,0,30,0
2018/1/2,江苏,镇江市,测试：每一种孤独都有陪伴,1200,0,0%,0,30,0
2018/1/3,江苏,,测试：每一种孤独都有陪伴,1036,0,0%,0,30,0
2018/1/2,江苏,,测试：每一种孤独都有陪伴,4472,1,0.02%,30,30,5000
2018/1/3,江西,抚州市,测试：每一种孤独都有陪伴,125,0,0%,0,30,0
2018/1/2,江西,抚州市,测试：每一种孤独都有陪伴,297,0,0%,0,30,0
2018/1/3,江西,赣州市,测试：每一种孤独都有陪伴,373,0,0%,0,30,0
2018/1/2,江西,赣州市,测试：每一种孤独都有陪伴,847,0,0%,0,30,0
2018/1/3,江西,吉安市,测试：每一种孤独都有陪伴,287,0,0%,0,30,0
2018/1/2,江西,吉安市,测试：每一种孤独都有陪伴,550,1,0.18%,30,30,555.5555556
2018/1/3,江西,景德镇市,测试：每一种孤独都有陪伴,355,0,0%,0,30,0
2018/1/2,江西,景德镇市,测试：每一种孤独都有陪伴,1093,1,0.09%,30,30,1111.111111
2018/1/3,江西,九江市,测试：每一种孤独都有陪伴,257,0,0%,0,30,0
2018/1/2,江西,九江市,测试：每一种孤独都有陪伴,824,0,0%,0,30,0
2018/1/3,江西,南昌市,测试：每一种孤独都有陪伴,2057,0,0%,0,30,0
2018/1/2,江西,南昌市,测试：每一种孤独都有陪伴,3025,1,0.03%,30,30,3333.333333
2018/1/3,江西,萍乡市,测试：每一种孤独都有陪伴,179,0,0%,0,30,0
2018/1/2,江西,萍乡市,测试：每一种孤独都有陪伴,397,0,0%,0,30,0
2018/1/3,江西,上饶市,测试：每一种孤独都有陪伴,240,0,0%,0,30,0
2018/1/2,江西,上饶市,测试：每一种孤独都有陪伴,706,0,0%,0,30,0
2018/1/3,江西,新余市,测试：每一种孤独都有陪伴,81,0,0%,0,30,0
2018/1/2,江西,新余市,测试：每一种孤独都有陪伴,216,0,0%,0,30,0
2018/1/3,江西,宜春市,测试：每一种孤独都有陪伴,240,0,0%,0,30,0
2018/1/2,江西,宜春市,测试：每一种孤独都有陪伴,488,0,0%,0,30,0
2018/1/3,江西,鹰潭市,测试：每一种孤独都有陪伴,80,0,0%,0,30,0
2018/1/2,江西,鹰潭市,测试：每一种孤独都有陪伴,127,0,0%,0,30,0
2018/1/3,江西,,测试：每一种孤独都有陪伴,256,0,0%,0,30,0
2018/1/2,江西,,测试：每一种孤独都有陪伴,749,0,0%,0,30,0
2018/1/3,辽宁,鞍山市,测试：每一种孤独都有陪伴,1180,1,0.08%,30,30,1250
2018/1/2,辽宁,鞍山市,测试：每一种孤独都有陪伴,2888,2,0.07%,15,30,2857.142857
2018/1/3,辽宁,本溪市,测试：每一种孤独都有陪伴,462,0,0%,0,30,0
2018/1/2,辽宁,本溪市,测试：每一种孤独都有陪伴,909,0,0%,0,30,0
2018/1/3,辽宁,朝阳市,测试：每一种孤独都有陪伴,378,0,0%,0,30,0
2018/1/2,辽宁,朝阳市,测试：每一种孤独都有陪伴,665,0,0%,0,30,0
2018/1/3,辽宁,大连市,测试：每一种孤独都有陪伴,1931,1,0.05%,30,30,2000
2018/1/2,辽宁,大连市,测试：每一种孤独都有陪伴,4533,3,0.07%,10,30,4285.714286
2018/1/3,辽宁,丹东市,测试：每一种孤独都有陪伴,383,2,0.52%,15,30,384.6153846
2018/1/2,辽宁,丹东市,测试：每一种孤独都有陪伴,1148,0,0%,0,30,0
2018/1/3,辽宁,抚顺市,测试：每一种孤独都有陪伴,1149,0,0%,0,30,0
2018/1/2,辽宁,抚顺市,测试：每一种孤独都有陪伴,1725,0,0%,0,30,0
2018/1/3,辽宁,阜新市,测试：每一种孤独都有陪伴,376,0,0%,0,30,0
2018/1/2,辽宁,阜新市,测试：每一种孤独都有陪伴,861,0,0%,0,30,0
2018/1/3,辽宁,葫芦岛市,测试：每一种孤独都有陪伴,442,0,0%,0,30,0
2018/1/2,辽宁,葫芦岛市,测试：每一种孤独都有陪伴,849,0,0%,0,30,0
2018/1/3,辽宁,锦州市,测试：每一种孤独都有陪伴,684,0,0%,0,30,0
2018/1/2,辽宁,锦州市,测试：每一种孤独都有陪伴,1478,0,0%,0,30,0
2018/1/3,辽宁,辽阳市,测试：每一种孤独都有陪伴,719,0,0%,0,30,0
2018/1/2,辽宁,辽阳市,测试：每一种孤独都有陪伴,1377,1,0.07%,30,30,1428.571429
2018/1/3,辽宁,盘锦市,测试：每一种孤独都有陪伴,596,0,0%,0,30,0
2018/1/2,辽宁,盘锦市,测试：每一种孤独都有陪伴,973,1,0.10%,30,30,1000
2018/1/3,辽宁,沈阳市,测试：每一种孤独都有陪伴,4666,3,0.06%,10,30,5000
2018/1/2,辽宁,沈阳市,测试：每一种孤独都有陪伴,8749,4,0.05%,7.5,30,8000
2018/1/3,辽宁,铁岭市,测试：每一种孤独都有陪伴,639,0,0%,0,30,0
2018/1/2,辽宁,铁岭市,测试：每一种孤独都有陪伴,1171,0,0%,0,30,0
2018/1/3,辽宁,营口市,测试：每一种孤独都有陪伴,650,0,0%,0,30,0
2018/1/2,辽宁,营口市,测试：每一种孤独都有陪伴,1344,3,0.22%,10,30,1363.636364
2018/1/3,辽宁,,测试：每一种孤独都有陪伴,398,0,0%,0,30,0
2018/1/2,辽宁,,测试：每一种孤独都有陪伴,1261,1,0.08%,30,30,1250
2018/1/3,内蒙古,阿拉善盟,测试：每一种孤独都有陪伴,57,0,0%,0,30,0
2018/1/2,内蒙古,阿拉善盟,测试：每一种孤独都有陪伴,63,0,0%,0,30,0
2018/1/3,内蒙古,巴彦淖尔市,测试：每一种孤独都有陪伴,211,0,0%,0,30,0
2018/1/2,内蒙古,巴彦淖尔市,测试：每一种孤独都有陪伴,393,0,0%,0,30,0
2018/1/3,内蒙古,包头市,测试：每一种孤独都有陪伴,793,0,0%,0,30,0
2018/1/2,内蒙古,包头市,测试：每一种孤独都有陪伴,1471,2,0.14%,15,30,1428.571429
2018/1/3,内蒙古,赤峰市,测试：每一种孤独都有陪伴,562,0,0%,0,30,0
2018/1/2,内蒙古,赤峰市,测试：每一种孤独都有陪伴,1033,0,0%,0,30,0
2018/1/3,内蒙古,鄂尔多斯市,测试：每一种孤独都有陪伴,270,0,0%,0,30,0
2018/1/2,内蒙古,鄂尔多斯市,测试：每一种孤独都有陪伴,656,1,0.15%,30,30,666.6666667
2018/1/3,内蒙古,呼和浩特市,测试：每一种孤独都有陪伴,3266,2,0.06%,15,30,3333.333333
2018/1/2,内蒙古,呼和浩特市,测试：每一种孤独都有陪伴,4982,6,0.12%,5,30,5000
2018/1/3,内蒙古,呼伦贝尔市,测试：每一种孤独都有陪伴,535,1,0.19%,30,30,526.3157895
2018/1/2,内蒙古,呼伦贝尔市,测试：每一种孤独都有陪伴,746,0,0%,0,30,0
2018/1/3,内蒙古,通辽市,测试：每一种孤独都有陪伴,486,0,0%,0,30,0
2018/1/2,内蒙古,通辽市,测试：每一种孤独都有陪伴,918,0,0%,0,30,0
2018/1/3,内蒙古,乌海市,测试：每一种孤独都有陪伴,127,0,0%,0,30,0
2018/1/2,内蒙古,乌海市,测试：每一种孤独都有陪伴,188,0,0%,0,30,0
2018/1/3,内蒙古,乌兰察布市,测试：每一种孤独都有陪伴,203,0,0%,0,30,0
2018/1/2,内蒙古,乌兰察布市,测试：每一种孤独都有陪伴,318,0,0%,0,30,0
2018/1/3,内蒙古,锡林郭勒盟,测试：每一种孤独都有陪伴,196,0,0%,0,30,0
2018/1/2,内蒙古,锡林郭勒盟,测试：每一种孤独都有陪伴,338,0,0%,0,30,0
2018/1/3,内蒙古,兴安盟,测试：每一种孤独都有陪伴,219,0,0%,0,30,0
2018/1/2,内蒙古,兴安盟,测试：每一种孤独都有陪伴,368,0,0%,0,30,0
2018/1/3,内蒙古,,测试：每一种孤独都有陪伴,202,1,0.50%,30,30,200
2018/1/2,内蒙古,,测试：每一种孤独都有陪伴,544,0,0%,0,30,0
2018/1/3,宁夏,固原市,测试：每一种孤独都有陪伴,28,0,0%,0,30,0
2018/1/2,宁夏,固原市,测试：每一种孤独都有陪伴,61,0,0%,0,30,0
2018/1/3,宁夏,石嘴山市,测试：每一种孤独都有陪伴,65,0,0%,0,30,0
2018/1/2,宁夏,石嘴山市,测试：每一种孤独都有陪伴,95,0,0%,0,30,0
2018/1/3,宁夏,吴忠市,测试：每一种孤独都有陪伴,71,0,0%,0,30,0
2018/1/2,宁夏,吴忠市,测试：每一种孤独都有陪伴,164,0,0%,0,30,0
2018/1/3,宁夏,银川市,测试：每一种孤独都有陪伴,469,0,0%,0,30,0
2018/1/2,宁夏,银川市,测试：每一种孤独都有陪伴,967,0,0%,0,30,0
2018/1/3,宁夏,中卫市,测试：每一种孤独都有陪伴,63,0,0%,0,30,0
2018/1/2,宁夏,中卫市,测试：每一种孤独都有陪伴,87,0,0%,0,30,0
2018/1/3,宁夏,,测试：每一种孤独都有陪伴,78,0,0%,0,30,0
2018/1/2,宁夏,,测试：每一种孤独都有陪伴,196,0,0%,0,30,0
2018/1/3,青海,果洛藏族自治州,测试：每一种孤独都有陪伴,7,0,0%,0,30,0
2018/1/2,青海,果洛藏族自治州,测试：每一种孤独都有陪伴,3,0,0%,0,30,0
2018/1/3,青海,海北藏族自治州,测试：每一种孤独都有陪伴,37,0,0%,0,30,0
2018/1/2,青海,海北藏族自治州,测试：每一种孤独都有陪伴,2,0,0%,0,30,0
2018/1/3,青海,海东地区,测试：每一种孤独都有陪伴,31,0,0%,0,30,0
2018/1/2,青海,海东地区,测试：每一种孤独都有陪伴,52,0,0%,0,30,0
2018/1/3,青海,海南藏族自治州,测试：每一种孤独都有陪伴,15,0,0%,0,30,0
2018/1/2,青海,海南藏族自治州,测试：每一种孤独都有陪伴,3,0,0%,0,30,0
2018/1/3,青海,海西蒙古族藏族自治州,测试：每一种孤独都有陪伴,105,0,0%,0,30,0
2018/1/2,青海,海西蒙古族藏族自治州,测试：每一种孤独都有陪伴,114,0,0%,0,30,0
2018/1/3,青海,黄南藏族自治州,测试：每一种孤独都有陪伴,40,0,0%,0,30,0
2018/1/2,青海,黄南藏族自治州,测试：每一种孤独都有陪伴,41,0,0%,0,30,0
2018/1/3,青海,西宁市,测试：每一种孤独都有陪伴,711,0,0%,0,30,0
2018/1/2,青海,西宁市,测试：每一种孤独都有陪伴,896,0,0%,0,30,0
2018/1/3,青海,玉树藏族自治州,测试：每一种孤独都有陪伴,13,0,0%,0,30,0
2018/1/2,青海,玉树藏族自治州,测试：每一种孤独都有陪伴,14,0,0%,0,30,0
2018/1/3,青海,,测试：每一种孤独都有陪伴,29,0,0%,0,30,0
2018/1/2,青海,,测试：每一种孤独都有陪伴,84,0,0%,0,30,0
2018/1/3,山东,滨州市,测试：每一种孤独都有陪伴,326,0,0%,0,30,0
2018/1/2,山东,滨州市,测试：每一种孤独都有陪伴,832,1,0.12%,30,30,833.3333333
2018/1/3,山东,德州市,测试：每一种孤独都有陪伴,449,1,0.22%,30,30,454.5454545
2018/1/2,山东,德州市,测试：每一种孤独都有陪伴,990,0,0%,0,30,0
2018/1/3,山东,东营市,测试：每一种孤独都有陪伴,319,0,0%,0,30,0
2018/1/2,山东,东营市,测试：每一种孤独都有陪伴,769,0,0%,0,30,0
2018/1/3,山东,菏泽市,测试：每一种孤独都有陪伴,335,0,0%,0,30,0
2018/1/2,山东,菏泽市,测试：每一种孤独都有陪伴,742,0,0%,0,30,0
2018/1/3,山东,济南市,测试：每一种孤独都有陪伴,2165,0,0%,0,30,0
2018/1/2,山东,济南市,测试：每一种孤独都有陪伴,3384,2,0.06%,15,30,3333.333333
2018/1/3,山东,济宁市,测试：每一种孤独都有陪伴,607,1,0.16%,30,30,625
2018/1/2,山东,济宁市,测试：每一种孤独都有陪伴,1165,0,0%,0,30,0
2018/1/3,山东,莱芜市,测试：每一种孤独都有陪伴,52,0,0%,0,30,0
2018/1/2,山东,莱芜市,测试：每一种孤独都有陪伴,105,0,0%,0,30,0
2018/1/3,山东,聊城市,测试：每一种孤独都有陪伴,464,0,0%,0,30,0
2018/1/2,山东,聊城市,测试：每一种孤独都有陪伴,976,2,0.20%,15,30,1000
2018/1/3,山东,临沂市,测试：每一种孤独都有陪伴,628,0,0%,0,30,0
2018/1/2,山东,临沂市,测试：每一种孤独都有陪伴,1581,0,0%,0,30,0
2018/1/3,山东,青岛市,测试：每一种孤独都有陪伴,1923,0,0%,0,30,0
2018/1/2,山东,青岛市,测试：每一种孤独都有陪伴,3562,2,0.06%,15,30,3333.333333
2018/1/3,山东,日照市,测试：每一种孤独都有陪伴,218,0,0%,0,30,0
2018/1/2,山东,日照市,测试：每一种孤独都有陪伴,542,0,0%,0,30,0
2018/1/3,山东,泰安市,测试：每一种孤独都有陪伴,379,0,0%,0,30,0
2018/1/2,山东,泰安市,测试：每一种孤独都有陪伴,767,2,0.26%,15,30,769.2307692
2018/1/3,山东,威海市,测试：每一种孤独都有陪伴,423,0,0%,0,30,0
2018/1/2,山东,威海市,测试：每一种孤独都有陪伴,1024,1,0.10%,30,30,1000
2018/1/3,山东,潍坊市,测试：每一种孤独都有陪伴,731,2,0.27%,15,30,740.7407407
2018/1/2,山东,潍坊市,测试：每一种孤独都有陪伴,1966,1,0.05%,30,30,2000
2018/1/3,山东,烟台市,测试：每一种孤独都有陪伴,773,0,0%,0,30,0
2018/1/2,山东,烟台市,测试：每一种孤独都有陪伴,1813,0,0%,0,30,0
2018/1/3,山东,枣庄市,测试：每一种孤独都有陪伴,562,1,0.18%,30,30,555.5555556
2018/1/2,山东,枣庄市,测试：每一种孤独都有陪伴,722,1,0.14%,30,30,714.2857143
2018/1/3,山东,淄博市,测试：每一种孤独都有陪伴,727,0,0%,0,30,0
2018/1/2,山东,淄博市,测试：每一种孤独都有陪伴,1645,2,0.12%,15,30,1666.666667
2018/1/3,山东,,测试：每一种孤独都有陪伴,736,0,0%,0,30,0
2018/1/2,山东,,测试：每一种孤独都有陪伴,2201,0,0%,0,30,0
2018/1/3,山西,大同市,测试：每一种孤独都有陪伴,486,1,0.21%,30,30,476.1904762
2018/1/2,山西,大同市,测试：每一种孤独都有陪伴,852,0,0%,0,30,0
2018/1/3,山西,晋城市,测试：每一种孤独都有陪伴,324,0,0%,0,30,0
2018/1/2,山西,晋城市,测试：每一种孤独都有陪伴,592,0,0%,0,30,0
2018/1/3,山西,晋中市,测试：每一种孤独都有陪伴,545,1,0.18%,30,30,555.5555556
2018/1/2,山西,晋中市,测试：每一种孤独都有陪伴,924,0,0%,0,30,0
2018/1/3,山西,临汾市,测试：每一种孤独都有陪伴,339,0,0%,0,30,0
2018/1/2,山西,临汾市,测试：每一种孤独都有陪伴,816,0,0%,0,30,0
2018/1/3,山西,吕梁市,测试：每一种孤独都有陪伴,264,0,0%,0,30,0
2018/1/2,山西,吕梁市,测试：每一种孤独都有陪伴,557,0,0%,0,30,0
2018/1/3,山西,朔州市,测试：每一种孤独都有陪伴,128,0,0%,0,30,0
2018/1/2,山西,朔州市,测试：每一种孤独都有陪伴,294,0,0%,0,30,0
2018/1/3,山西,太原市,测试：每一种孤独都有陪伴,1854,1,0.05%,30,30,2000
2018/1/2,山西,太原市,测试：每一种孤独都有陪伴,2891,1,0.03%,30,30,3333.333333
2018/1/3,山西,忻州市,测试：每一种孤独都有陪伴,232,0,0%,0,30,0
2018/1/2,山西,忻州市,测试：每一种孤独都有陪伴,411,0,0%,0,30,0
2018/1/3,山西,阳泉市,测试：每一种孤独都有陪伴,264,0,0%,0,30,0
2018/1/2,山西,阳泉市,测试：每一种孤独都有陪伴,372,0,0%,0,30,0
2018/1/3,山西,运城市,测试：每一种孤独都有陪伴,427,0,0%,0,30,0
2018/1/2,山西,运城市,测试：每一种孤独都有陪伴,625,0,0%,0,30,0
2018/1/3,山西,长治市,测试：每一种孤独都有陪伴,304,0,0%,0,30,0
2018/1/2,山西,长治市,测试：每一种孤独都有陪伴,558,0,0%,0,30,0
2018/1/3,山西,,测试：每一种孤独都有陪伴,231,0,0%,0,30,0
2018/1/2,山西,,测试：每一种孤独都有陪伴,620,0,0%,0,30,0
2018/1/3,陕西,安康市,测试：每一种孤独都有陪伴,190,0,0%,0,30,0
2018/1/2,陕西,安康市,测试：每一种孤独都有陪伴,298,0,0%,0,30,0
2018/1/3,陕西,宝鸡市,测试：每一种孤独都有陪伴,524,0,0%,0,30,0
2018/1/2,陕西,宝鸡市,测试：每一种孤独都有陪伴,931,0,0%,0,30,0
2018/1/3,陕西,汉中市,测试：每一种孤独都有陪伴,298,2,0.67%,15,30,298.5074627
2018/1/2,陕西,汉中市,测试：每一种孤独都有陪伴,496,1,0.20%,30,30,500
2018/1/3,陕西,商洛市,测试：每一种孤独都有陪伴,87,0,0%,0,30,0
2018/1/2,陕西,商洛市,测试：每一种孤独都有陪伴,157,0,0%,0,30,0
2018/1/3,陕西,铜川市,测试：每一种孤独都有陪伴,92,0,0%,0,30,0
2018/1/2,陕西,铜川市,测试：每一种孤独都有陪伴,170,0,0%,0,30,0
2018/1/3,陕西,渭南市,测试：每一种孤独都有陪伴,351,0,0%,0,30,0
2018/1/2,陕西,渭南市,测试：每一种孤独都有陪伴,718,0,0%,0,30,0
2018/1/3,陕西,西安市,测试：每一种孤独都有陪伴,4461,4,0.09%,7.5,30,4444.444444
2018/1/2,陕西,西安市,测试：每一种孤独都有陪伴,7196,2,0.03%,15,30,6666.666667
2018/1/3,陕西,咸阳市,测试：每一种孤独都有陪伴,620,0,0%,0,30,0
2018/1/2,陕西,咸阳市,测试：每一种孤独都有陪伴,953,0,0%,0,30,0
2018/1/3,陕西,延安市,测试：每一种孤独都有陪伴,158,0,0%,0,30,0
2018/1/2,陕西,延安市,测试：每一种孤独都有陪伴,187,0,0%,0,30,0
2018/1/3,陕西,榆林市,测试：每一种孤独都有陪伴,237,0,0%,0,30,0
2018/1/2,陕西,榆林市,测试：每一种孤独都有陪伴,480,1,0.21%,30,30,476.1904762
2018/1/3,陕西,,测试：每一种孤独都有陪伴,374,0,0%,0,30,0
2018/1/2,陕西,,测试：每一种孤独都有陪伴,897,0,0%,0,30,0
2018/1/3,上海,上海,测试：每一种孤独都有陪伴,7941,3,0.04%,10,30,7500
2018/1/2,上海,上海,测试：每一种孤独都有陪伴,16110,3,0.02%,10,30,15000
2018/1/3,四川,阿坝藏族羌族自治州,测试：每一种孤独都有陪伴,69,0,0%,0,30,0
2018/1/2,四川,阿坝藏族羌族自治州,测试：每一种孤独都有陪伴,113,0,0%,0,30,0
2018/1/3,四川,巴中市,测试：每一种孤独都有陪伴,62,0,0%,0,30,0
2018/1/2,四川,巴中市,测试：每一种孤独都有陪伴,79,0,0%,0,30,0
2018/1/3,四川,成都市,测试：每一种孤独都有陪伴,4605,3,0.07%,10,30,4285.714286
2018/1/2,四川,成都市,测试：每一种孤独都有陪伴,7645,3,0.04%,10,30,7500
2018/1/3,四川,达州市,测试：每一种孤独都有陪伴,162,0,0%,0,30,0
2018/1/2,四川,达州市,测试：每一种孤独都有陪伴,224,0,0%,0,30,0
2018/1/3,四川,德阳市,测试：每一种孤独都有陪伴,324,0,0%,0,30,0
2018/1/2,四川,德阳市,测试：每一种孤独都有陪伴,501,0,0%,0,30,0
2018/1/3,四川,甘孜藏族自治州,测试：每一种孤独都有陪伴,68,0,0%,0,30,0
2018/1/2,四川,甘孜藏族自治州,测试：每一种孤独都有陪伴,117,0,0%,0,30,0
2018/1/3,四川,广安市,测试：每一种孤独都有陪伴,144,0,0%,0,30,0
2018/1/2,四川,广安市,测试：每一种孤独都有陪伴,148,0,0%,0,30,0
2018/1/3,四川,广元市,测试：每一种孤独都有陪伴,148,0,0%,0,30,0
2018/1/2,四川,广元市,测试：每一种孤独都有陪伴,210,0,0%,0,30,0
2018/1/3,四川,乐山市,测试：每一种孤独都有陪伴,213,1,0.47%,30,30,212.7659574
2018/1/2,四川,乐山市,测试：每一种孤独都有陪伴,397,0,0%,0,30,0
2018/1/3,四川,凉山彝族自治州,测试：每一种孤独都有陪伴,212,1,0.47%,30,30,212.7659574
2018/1/2,四川,凉山彝族自治州,测试：每一种孤独都有陪伴,282,0,0%,0,30,0
2018/1/3,四川,泸州市,测试：每一种孤独都有陪伴,202,1,0.50%,30,30,200
2018/1/2,四川,泸州市,测试：每一种孤独都有陪伴,272,1,0.37%,30,30,270.2702703
2018/1/3,四川,眉山市,测试：每一种孤独都有陪伴,171,0,0%,0,30,0
2018/1/2,四川,眉山市,测试：每一种孤独都有陪伴,280,0,0%,0,30,0
2018/1/3,四川,绵阳市,测试：每一种孤独都有陪伴,443,1,0.23%,30,30,434.7826087
2018/1/2,四川,绵阳市,测试：每一种孤独都有陪伴,706,0,0%,0,30,0
2018/1/3,四川,南充市,测试：每一种孤独都有陪伴,270,1,0.37%,30,30,270.2702703
2018/1/2,四川,南充市,测试：每一种孤独都有陪伴,369,0,0%,0,30,0
2018/1/3,四川,内江市,测试：每一种孤独都有陪伴,156,0,0%,0,30,0
2018/1/2,四川,内江市,测试：每一种孤独都有陪伴,294,0,0%,0,30,0
2018/1/3,四川,攀枝花市,测试：每一种孤独都有陪伴,143,0,0%,0,30,0
2018/1/2,四川,攀枝花市,测试：每一种孤独都有陪伴,256,0,0%,0,30,0
2018/1/3,四川,遂宁市,测试：每一种孤独都有陪伴,155,0,0%,0,30,0
2018/1/2,四川,遂宁市,测试：每一种孤独都有陪伴,275,0,0%,0,30,0
2018/1/3,四川,雅安市,测试：每一种孤独都有陪伴,110,0,0%,0,30,0
2018/1/2,四川,雅安市,测试：每一种孤独都有陪伴,142,0,0%,0,30,0
2018/1/3,四川,宜宾市,测试：每一种孤独都有陪伴,163,0,0%,0,30,0
2018/1/2,四川,宜宾市,测试：每一种孤独都有陪伴,373,0,0%,0,30,0
2018/1/3,四川,资阳市,测试：每一种孤独都有陪伴,151,0,0%,0,30,0
2018/1/2,四川,资阳市,测试：每一种孤独都有陪伴,188,0,0%,0,30,0
2018/1/3,四川,自贡市,测试：每一种孤独都有陪伴,170,0,0%,0,30,0
2018/1/2,四川,自贡市,测试：每一种孤独都有陪伴,232,0,0%,0,30,0
2018/1/3,四川,,测试：每一种孤独都有陪伴,523,0,0%,0,30,0
2018/1/2,四川,,测试：每一种孤独都有陪伴,1429,0,0%,0,30,0
2018/1/3,台湾,台湾,测试：每一种孤独都有陪伴,131,0,0%,0,30,0
2018/1/2,台湾,台湾,测试：每一种孤独都有陪伴,257,1,0.39%,30,30,256.4102564
2018/1/3,台湾,,测试：每一种孤独都有陪伴,66,0,0%,0,30,0
2018/1/2,台湾,,测试：每一种孤独都有陪伴,144,0,0%,0,30,0
2018/1/3,天津,天津,测试：每一种孤独都有陪伴,7715,2,0.03%,15,30,6666.666667
2018/1/2,天津,天津,测试：每一种孤独都有陪伴,12447,6,0.05%,5,30,12000
2018/1/3,西藏,阿里地区,测试：每一种孤独都有陪伴,8,0,0%,0,30,0
2018/1/2,西藏,阿里地区,测试：每一种孤独都有陪伴,14,0,0%,0,30,0
2018/1/3,西藏,昌都地区,测试：每一种孤独都有陪伴,30,0,0%,0,30,0
2018/1/2,西藏,昌都地区,测试：每一种孤独都有陪伴,26,0,0%,0,30,0
2018/1/3,西藏,拉萨市,测试：每一种孤独都有陪伴,194,1,0.52%,30,30,192.3076923
2018/1/2,西藏,拉萨市,测试：每一种孤独都有陪伴,239,0,0%,0,30,0
2018/1/3,西藏,林芝地区,测试：每一种孤独都有陪伴,19,0,0%,0,30,0
2018/1/2,西藏,林芝地区,测试：每一种孤独都有陪伴,35,0,0%,0,30,0
2018/1/3,西藏,那曲地区,测试：每一种孤独都有陪伴,7,0,0%,0,30,0
2018/1/2,西藏,那曲地区,测试：每一种孤独都有陪伴,8,0,0%,0,30,0
2018/1/3,西藏,日喀则地区,测试：每一种孤独都有陪伴,49,0,0%,0,30,0
2018/1/2,西藏,日喀则地区,测试：每一种孤独都有陪伴,29,0,0%,0,30,0
2018/1/3,西藏,山南地区,测试：每一种孤独都有陪伴,18,0,0%,0,30,0
2018/1/2,西藏,山南地区,测试：每一种孤独都有陪伴,22,0,0%,0,30,0
2018/1/3,西藏,,测试：每一种孤独都有陪伴,15,0,0%,0,30,0
2018/1/2,西藏,,测试：每一种孤独都有陪伴,38,0,0%,0,30,0
2018/1/3,香港,香港,测试：每一种孤独都有陪伴,81,0,0%,0,30,0
2018/1/2,香港,香港,测试：每一种孤独都有陪伴,111,0,0%,0,30,0
2018/1/3,香港,,测试：每一种孤独都有陪伴,110,1,0.91%,30,30,109.8901099
2018/1/2,香港,,测试：每一种孤独都有陪伴,130,0,0%,0,30,0
2018/1/3,新疆,阿克苏地区,测试：每一种孤独都有陪伴,189,0,0%,0,30,0
2018/1/2,新疆,阿克苏地区,测试：每一种孤独都有陪伴,245,0,0%,0,30,0
2018/1/3,新疆,阿拉尔,测试：每一种孤独都有陪伴,31,0,0%,0,30,0
2018/1/2,新疆,阿拉尔,测试：每一种孤独都有陪伴,38,0,0%,0,30,0
2018/1/3,新疆,阿勒泰地区,测试：每一种孤独都有陪伴,65,0,0%,0,30,0
2018/1/2,新疆,阿勒泰地区,测试：每一种孤独都有陪伴,50,0,0%,0,30,0
2018/1/3,新疆,巴音郭楞蒙古自治州,测试：每一种孤独都有陪伴,407,0,0%,0,30,0
2018/1/2,新疆,巴音郭楞蒙古自治州,测试：每一种孤独都有陪伴,389,1,0.26%,30,30,384.6153846
2018/1/3,新疆,北屯,测试：每一种孤独都有陪伴,7,0,0%,0,30,0
2018/1/2,新疆,北屯,测试：每一种孤独都有陪伴,18,0,0%,0,30,0
2018/1/3,新疆,博尔塔拉蒙古自治州,测试：每一种孤独都有陪伴,101,0,0%,0,30,0
2018/1/2,新疆,博尔塔拉蒙古自治州,测试：每一种孤独都有陪伴,118,1,0.85%,30,30,117.6470588
2018/1/3,新疆,昌吉回族自治州,测试：每一种孤独都有陪伴,408,0,0%,0,30,0
2018/1/2,新疆,昌吉回族自治州,测试：每一种孤独都有陪伴,547,0,0%,0,30,0
2018/1/3,新疆,哈密地区,测试：每一种孤独都有陪伴,124,0,0%,0,30,0
2018/1/2,新疆,哈密地区,测试：每一种孤独都有陪伴,226,0,0%,0,30,0
2018/1/3,新疆,和田地区,测试：每一种孤独都有陪伴,43,0,0%,0,30,0
2018/1/2,新疆,和田地区,测试：每一种孤独都有陪伴,41,0,0%,0,30,0
2018/1/3,新疆,喀什地区,测试：每一种孤独都有陪伴,203,0,0%,0,30,0
2018/1/2,新疆,喀什地区,测试：每一种孤独都有陪伴,200,0,0%,0,30,0
2018/1/3,新疆,克拉玛依市,测试：每一种孤独都有陪伴,326,0,0%,0,30,0
2018/1/2,新疆,克拉玛依市,测试：每一种孤独都有陪伴,325,0,0%,0,30,0
2018/1/3,新疆,克孜勒苏柯尔克孜自治州,测试：每一种孤独都有陪伴,25,0,0%,0,30,0
2018/1/2,新疆,克孜勒苏柯尔克孜自治州,测试：每一种孤独都有陪伴,33,0,0%,0,30,0
2018/1/3,新疆,石河子市,测试：每一种孤独都有陪伴,245,0,0%,0,30,0
2018/1/2,新疆,石河子市,测试：每一种孤独都有陪伴,301,0,0%,0,30,0
2018/1/3,新疆,双河,测试：每一种孤独都有陪伴,3,0,0%,0,30,0
2018/1/2,新疆,双河,测试：每一种孤独都有陪伴,8,0,0%,0,30,0
2018/1/3,新疆,塔城地区,测试：每一种孤独都有陪伴,217,0,0%,0,30,0
2018/1/2,新疆,塔城地区,测试：每一种孤独都有陪伴,197,1,0.51%,30,30,196.0784314
2018/1/3,新疆,铁门关,测试：每一种孤独都有陪伴,5,0,0%,0,30,0
2018/1/2,新疆,铁门关,测试：每一种孤独都有陪伴,1,0,0%,0,30,0
2018/1/3,新疆,图木舒克,测试：每一种孤独都有陪伴,11,0,0%,0,30,0
2018/1/2,新疆,图木舒克,测试：每一种孤独都有陪伴,7,0,0%,0,30,0
2018/1/3,新疆,吐鲁番地区,测试：每一种孤独都有陪伴,48,0,0%,0,30,0
2018/1/2,新疆,吐鲁番地区,测试：每一种孤独都有陪伴,89,0,0%,0,30,0
2018/1/3,新疆,乌鲁木齐市,测试：每一种孤独都有陪伴,1885,2,0.11%,15,30,1818.181818
2018/1/2,新疆,乌鲁木齐市,测试：每一种孤独都有陪伴,2368,1,0.04%,30,30,2500
2018/1/3,新疆,五家渠,测试：每一种孤独都有陪伴,62,0,0%,0,30,0
2018/1/2,新疆,五家渠,测试：每一种孤独都有陪伴,42,0,0%,0,30,0
2018/1/3,新疆,伊犁哈萨克自治州,测试：每一种孤独都有陪伴,438,0,0%,0,30,0
2018/1/2,新疆,伊犁哈萨克自治州,测试：每一种孤独都有陪伴,465,0,0%,0,30,0
2018/1/3,新疆,,测试：每一种孤独都有陪伴,269,0,0%,0,30,0
2018/1/2,新疆,,测试：每一种孤独都有陪伴,461,0,0%,0,30,0
2018/1/3,云南,保山市,测试：每一种孤独都有陪伴,113,0,0%,0,30,0
2018/1/2,云南,保山市,测试：每一种孤独都有陪伴,221,0,0%,0,30,0
2018/1/3,云南,楚雄彝族自治州,测试：每一种孤独都有陪伴,128,0,0%,0,30,0
2018/1/2,云南,楚雄彝族自治州,测试：每一种孤独都有陪伴,247,0,0%,0,30,0
2018/1/3,云南,大理白族自治州,测试：每一种孤独都有陪伴,220,0,0%,0,30,0
2018/1/2,云南,大理白族自治州,测试：每一种孤独都有陪伴,460,0,0%,0,30,0
2018/1/3,云南,德宏傣族景颇族自治州,测试：每一种孤独都有陪伴,168,0,0%,0,30,0
2018/1/2,云南,德宏傣族景颇族自治州,测试：每一种孤独都有陪伴,160,1,0.63%,30,30,158.7301587
2018/1/3,云南,迪庆藏族自治州,测试：每一种孤独都有陪伴,18,0,0%,0,30,0
2018/1/2,云南,迪庆藏族自治州,测试：每一种孤独都有陪伴,15,0,0%,0,30,0
2018/1/3,云南,红河哈尼族彝族自治州,测试：每一种孤独都有陪伴,287,1,0.35%,30,30,285.7142857
2018/1/2,云南,红河哈尼族彝族自治州,测试：每一种孤独都有陪伴,444,0,0%,0,30,0
2018/1/3,云南,昆明市,测试：每一种孤独都有陪伴,2446,1,0.04%,30,30,2500
2018/1/2,云南,昆明市,测试：每一种孤独都有陪伴,3857,1,0.03%,30,30,3333.333333
2018/1/3,云南,丽江市,测试：每一种孤独都有陪伴,65,0,0%,0,30,0
2018/1/2,云南,丽江市,测试：每一种孤独都有陪伴,173,0,0%,0,30,0
2018/1/3,云南,临沧市,测试：每一种孤独都有陪伴,54,0,0%,0,30,0
2018/1/2,云南,临沧市,测试：每一种孤独都有陪伴,137,0,0%,0,30,0
2018/1/3,云南,怒江傈僳族自治州,测试：每一种孤独都有陪伴,4,0,0%,0,30,0
2018/1/2,云南,怒江傈僳族自治州,测试：每一种孤独都有陪伴,53,0,0%,0,30,0
2018/1/3,云南,普洱市,测试：每一种孤独都有陪伴,97,0,0%,0,30,0
2018/1/2,云南,普洱市,测试：每一种孤独都有陪伴,117,0,0%,0,30,0
2018/1/3,云南,曲靖市,测试：每一种孤独都有陪伴,281,0,0%,0,30,0
2018/1/2,云南,曲靖市,测试：每一种孤独都有陪伴,468,0,0%,0,30,0
2018/1/3,云南,文山壮族苗族自治州,测试：每一种孤独都有陪伴,91,0,0%,0,30,0
2018/1/2,云南,文山壮族苗族自治州,测试：每一种孤独都有陪伴,114,0,0%,0,30,0
2018/1/3,云南,西双版纳傣族自治州,测试：每一种孤独都有陪伴,140,0,0%,0,30,0
2018/1/2,云南,西双版纳傣族自治州,测试：每一种孤独都有陪伴,174,0,0%,0,30,0
2018/1/3,云南,玉溪市,测试：每一种孤独都有陪伴,260,0,0%,0,30,0
2018/1/2,云南,玉溪市,测试：每一种孤独都有陪伴,314,0,0%,0,30,0
2018/1/3,云南,昭通市,测试：每一种孤独都有陪伴,110,0,0%,0,30,0
2018/1/2,云南,昭通市,测试：每一种孤独都有陪伴,170,0,0%,0,30,0
2018/1/3,云南,,测试：每一种孤独都有陪伴,646,1,0.15%,30,30,666.6666667
2018/1/2,云南,,测试：每一种孤独都有陪伴,1129,0,0%,0,30,0
2018/1/3,浙江,杭州市,测试：每一种孤独都有陪伴,3949,1,0.03%,30,30,3333.333333
2018/1/2,浙江,杭州市,测试：每一种孤独都有陪伴,7507,7,0.09%,4.29,30,7777.777778
2018/1/3,浙江,湖州市,测试：每一种孤独都有陪伴,1912,4,0.21%,7.5,30,1904.761905
2018/1/2,浙江,湖州市,测试：每一种孤独都有陪伴,3460,2,0.06%,15,30,3333.333333
2018/1/3,浙江,嘉兴市,测试：每一种孤独都有陪伴,1535,1,0.07%,30,30,1428.571429
2018/1/2,浙江,嘉兴市,测试：每一种孤独都有陪伴,5219,2,0.04%,15,30,5000
2018/1/3,浙江,金华市,测试：每一种孤独都有陪伴,2010,1,0.05%,30,30,2000
2018/1/2,浙江,金华市,测试：每一种孤独都有陪伴,5604,2,0.04%,15,30,5000
2018/1/3,浙江,丽水市,测试：每一种孤独都有陪伴,257,0,0%,0,30,0
2018/1/2,浙江,丽水市,测试：每一种孤独都有陪伴,362,0,0%,0,30,0
2018/1/3,浙江,宁波市,测试：每一种孤独都有陪伴,2157,2,0.09%,15,30,2222.222222
2018/1/2,浙江,宁波市,测试：每一种孤独都有陪伴,4841,2,0.04%,15,30,5000
2018/1/3,浙江,衢州市,测试：每一种孤独都有陪伴,152,0,0%,0,30,0
2018/1/2,浙江,衢州市,测试：每一种孤独都有陪伴,381,1,0.26%,30,30,384.6153846
2018/1/3,浙江,绍兴市,测试：每一种孤独都有陪伴,1679,0,0%,0,30,0
2018/1/2,浙江,绍兴市,测试：每一种孤独都有陪伴,3317,1,0.03%,30,30,3333.333333
2018/1/3,浙江,台州市,测试：每一种孤独都有陪伴,1669,1,0.06%,30,30,1666.666667
2018/1/2,浙江,台州市,测试：每一种孤独都有陪伴,4473,1,0.02%,30,30,5000
2018/1/3,浙江,温州市,测试：每一种孤独都有陪伴,1987,1,0.05%,30,30,2000
2018/1/2,浙江,温州市,测试：每一种孤独都有陪伴,5830,3,0.05%,10,30,6000
2018/1/3,浙江,舟山市,测试：每一种孤独都有陪伴,126,0,0%,0,30,0
2018/1/2,浙江,舟山市,测试：每一种孤独都有陪伴,318,0,0%,0,30,0
2018/1/3,浙江,,测试：每一种孤独都有陪伴,1070,0,0%,0,30,0
2018/1/2,浙江,,测试：每一种孤独都有陪伴,4417,0,0%,0,30,0
2018/1/3,重庆,重庆,测试：每一种孤独都有陪伴,3079,2,0.06%,15,30,3333.333333
2018/1/2,重庆,重庆,测试：每一种孤独都有陪伴,4674,1,0.02%,30,30,5000
